company,date,remote_eligibility,role_family,job_url,source
Sedgwick,1788497944,Remote,Workers Compensation Lost Time Benefit Coordinator | VA Jurisdictional Experienc,https://himalayas.app/companies/sedgwick/jobs/workers-compensation-lost-time-benefit-coordinator-va-jurisdictional-experienc,https://himalayas.app/jobs/api
Raycon Inc.,1788497942,Remote,"Graphic Design Specialist (Philippines, Remote)",https://himalayas.app/companies/raycon-inc/jobs/graphic-design-specialist-philippines-remote,https://himalayas.app/jobs/api
Leidos,1788497942,Remote,Test Director,https://himalayas.app/companies/leidos/jobs/test-director,https://himalayas.app/jobs/api
iwoca,1788497942,Remote,Junior Technical Integration Manager,https://himalayas.app/companies/iwoca/jobs/junior-technical-integration-manager,https://himalayas.app/jobs/api
CodeNgo,1788497934,Remote,Monitoring and Evaluation Officer,https://himalayas.app/companies/codengo/jobs/monitoring-and-evaluation-officer,https://himalayas.app/jobs/api
Crowdstrike,1788497932,Remote,Sr. Data Scientist,https://himalayas.app/companies/crowdstrike/jobs/sr-data-scientist,https://himalayas.app/jobs/api
mercor,1788497928,Remote,Business Ops Analyst - Fully Remote | Upto $160/hr,https://himalayas.app/companies/mercor/jobs/business-ops-analyst-fully-remote-upto-160-hr-5781308785,https://himalayas.app/jobs/api
Redcare Pharmacy,1788497922,Remote,Staff Data Analyst (m/f/d),https://himalayas.app/companies/redcare-pharmacy/jobs/staff-data-analyst-m-f-d,https://himalayas.app/jobs/api
The University of Kansas Health System,1788497922,Remote,Patient Accounting Rep I,https://himalayas.app/companies/the-university-of-kansas-health-system/jobs/patient-accounting-rep-i,https://himalayas.app/jobs/api
goPro Consultancy Group ltd.,1788497914,Remote,Senior Full Stack Developer - .NET&#x2f;Angular - Full remote- Salary in USD - C,https://himalayas.app/companies/gopro-consultancy-group-ltd/jobs/senior-full-stack-developer-net-x2f-angular-full-remote-salary-in-usd-c-203800156,https://himalayas.app/jobs/api
Livaclean,1788497914,Remote,Amazon Listing Manager,https://himalayas.app/companies/livaclean/jobs/amazon-listing-manager,https://himalayas.app/jobs/api
Empower AI Inc.,1788497908,Remote,Medical Reviewer III (Medicare/DRG),https://himalayas.app/companies/empower-ai-inc/jobs/medical-reviewer-iii-medicare-drg,https://himalayas.app/jobs/api
Spring Health,1788497905,Remote,Clinical Research Scientist II,https://himalayas.app/companies/spring-health/jobs/clinical-research-scientist-ii,https://himalayas.app/jobs/api
Vertu Agent,1788497905,Remote,Property & Casualty Insurance Assistant,https://himalayas.app/companies/vertu-agent/jobs/property-casualty-insurance-assistant,https://himalayas.app/jobs/api
HR Plus (Talent) Limited,1788497899,Remote,Senior/ Payroll Associate,https://himalayas.app/companies/hr-plus-talent-limited/jobs/senior-payroll-associate-5947222669,https://himalayas.app/jobs/api
Purolabs,1788497895,Remote,Creative Strategist (DTC E-Commerce),https://himalayas.app/companies/purolabs/jobs/creative-strategist-dtc-e-commerce,https://himalayas.app/jobs/api
Bloomerang,1788497893,Remote,"Manager, Customer Support",https://himalayas.app/companies/bloomerang/jobs/manager-customer-support-5131515756,https://himalayas.app/jobs/api
mercor,1788497892,Remote,Hospitalist Physician - Fully Remote | Upto $170/hr,https://himalayas.app/companies/mercor/jobs/hospitalist-physician-fully-remote-upto-170-hr,https://himalayas.app/jobs/api
EDCi,1788497891,Remote,Sr. Genesys CX Implementation Engineer,https://himalayas.app/companies/edci/jobs/sr-genesys-cx-implementation-engineer,https://himalayas.app/jobs/api
Lifelancer,1788497889,Remote,"Associate Director, Quality Assurance & Governance",https://himalayas.app/companies/lifelancer/jobs/associate-director-quality-assurance-governance,https://himalayas.app/jobs/api
